respondent_id,strategy_id,interested
1,1,1
1,2,1
1,3,1
1,4,1
1,5,1
2,1,1
2,2,1
2,3,1
2,4,1
2,5,0
3,1,1
3,2,1
3,3,1
3,4,1
3,5,1
4,1,1
4,2,1
4,3,1
4,4,0
4,5,1
5,1,1
5,2,0
5,3,1
5,4,0
5,5,1
6,1,1
6,2,1
6,3,1
6,4,0
6,5,1
7,1,1
7,2,1
7,3,1
7,4,1
7,5,1
8,1,0
8,2,1
8,3,1
8,4,1
8,5,0
9,1,0
9,2,1
9,3,1
9,4,0
9,5,0
10,1,1
10,2,1
10,3,1
10,4,1
10,5,1
11,1,1
11,2,0
11,3,1
11,4,0
11,5,1
12,1,1
12,2,1
12,3,1
12,4,1
12,5,0
13,1,1
13,2,0
13,3,0
13,4,1
13,5,1
14,1,1
14,2,1
14,3,1
14,4,1
14,5,1
15,1,1
15,2,1
15,3,1
15,4,1
15,5,1
16,1,1
16,2,1
16,3,0
16,4,0
16,5,0
17,1,0
17,2,1
17,3,1
17,4,1
17,5,1
18,1,1
18,2,1
18,3,0
18,4,0
18,5,1
19,1,1
19,2,1
19,3,1
19,4,1
19,5,1
20,1,1
20,2,1
20,3,1
20,4,1
20,5,0
21,1,0
21,2,1
21,3,1
21,4,0
21,5,1
22,1,1
22,2,1
22,3,0
22,4,1
22,5,1
23,1,1
23,2,1
23,3,1
23,4,1
23,5,1
24,1,1
24,2,1
24,3,1
24,4,1
24,5,0
25,1,1
25,2,1
25,3,1
25,4,0
25,5,1
26,1,1
26,2,1
26,3,1
26,4,1
26,5,0
27,1,1
27,2,0
27,3,1
27,4,1
27,5,1
28,1,1
28,2,1
28,3,1
28,4,1
28,5,0
29,1,0
29,2,1
29,3,1
29,4,1
29,5,1
30,1,1
30,2,1
30,3,1
30,4,1
30,5,1
31,1,0
31,2,1
31,3,1
31,4,1
31,5,1
32,1,1
32,2,1
32,3,1
32,4,0
32,5,1
33,1,0
33,2,1
33,3,1
33,4,1
33,5,1
34,1,1
34,2,1
34,3,1
34,4,1
34,5,1
35,1,0
35,2,1
35,3,1
35,4,1
35,5,0
36,1,0
36,2,1
36,3,1
36,4,0
36,5,1
37,1,1
37,2,1
37,3,1
37,4,1
37,5,1
38,1,1
38,2,1
38,3,1
38,4,1
38,5,1
39,1,1
39,2,1
39,3,0
39,4,1
39,5,1
40,1,1
40,2,1
40,3,0
40,4,1
40,5,0
41,1,0
41,2,1
41,3,1
41,4,0
41,5,1
42,1,1
42,2,1
42,3,1
42,4,1
42,5,1
43,1,1
43,2,1
43,3,1
43,4,1
43,5,1
44,1,1
44,2,1
44,3,1
44,4,1
44,5,1
45,1,1
45,2,1
45,3,1
45,4,1
45,5,1
46,1,0
46,2,1
46,3,1
46,4,1
46,5,0
47,1,1
47,2,1
47,3,0
47,4,1
47,5,1
48,1,1
48,2,1
48,3,1
48,4,1
48,5,1
49,1,1
49,2,1
49,3,1
49,4,1
49,5,1
50,1,1
50,2,0
50,3,1
50,4,1
50,5,1
51,1,0
51,2,1
51,3,1
51,4,1
51,5,1
52,1,0
52,2,1
52,3,1
52,4,1
52,5,1
53,1,0
53,2,0
53,3,1
53,4,1
53,5,1
54,1,1
54,2,1
54,3,1
54,4,1
54,5,1
55,1,1
55,2,1
55,3,1
55,4,1
55,5,0
56,1,0
56,2,1
56,3,0
56,4,1
56,5,1
57,1,0
57,2,1
57,3,1
57,4,1
57,5,1
58,1,1
58,2,0
58,3,1
58,4,1
58,5,1
59,1,1
59,2,1
59,3,1
59,4,1
59,5,1
60,1,1
60,2,1
60,3,1
60,4,1
60,5,1
61,1,0
61,2,1
61,3,1
61,4,1
61,5,1
62,1,1
62,2,1
62,3,0
62,4,0
62,5,1
63,1,0
63,2,1
63,3,0
63,4,0
63,5,1
64,1,0
64,2,1
64,3,1
64,4,0
64,5,1
65,1,0
65,2,0
65,3,1
65,4,0
65,5,1
66,1,0
66,2,1
66,3,0
66,4,1
66,5,0
67,1,1
67,2,0
67,3,0
67,4,0
67,5,1
68,1,0
68,2,0
68,3,0
68,4,0
68,5,1
69,1,1
69,2,1
69,3,0
69,4,1
69,5,1
70,1,0
70,2,0
70,3,1
70,4,1
70,5,0
71,1,0
71,2,0
71,3,0
71,4,1
71,5,1
72,1,1
72,2,0
72,3,0
72,4,0
72,5,1
73,1,0
73,2,0
73,3,0
73,4,0
73,5,0
74,1,0
74,2,0
74,3,0
74,4,0
74,5,1
75,1,1
75,2,0
75,3,0
75,4,0
75,5,1
76,1,1
76,2,0
76,3,0
76,4,0
76,5,0
77,1,1
77,2,1
77,3,0
77,4,0
77,5,0
78,1,1
78,2,0
78,3,1
78,4,0
78,5,0
79,1,1
79,2,0
79,3,1
79,4,1
79,5,1
80,1,1
80,2,0
80,3,0
80,4,0
80,5,1
81,1,1
81,2,0
81,3,1
81,4,0
81,5,0
82,1,0
82,2,0
82,3,1
82,4,1
82,5,0
83,1,1
83,2,0
83,3,1
83,4,0
83,5,0
84,1,0
84,2,0
84,3,1
84,4,0
84,5,1
85,1,1
85,2,1
85,3,1
85,4,0
85,5,1
86,1,1
86,2,0
86,3,0
86,4,0
86,5,1
87,1,0
87,2,1
87,3,1
87,4,0
87,5,1
88,1,0
88,2,0
88,3,0
88,4,0
88,5,1
89,1,1
89,2,0
89,3,0
89,4,0
89,5,1
90,1,0
90,2,0
90,3,1
90,4,0
90,5,0
91,1,1
91,2,1
91,3,0
91,4,1
91,5,1
92,1,0
92,2,0
92,3,1
92,4,1
92,5,1
93,1,1
93,2,1
93,3,1
93,4,1
93,5,1
94,1,1
94,2,1
94,3,1
94,4,1
94,5,0
95,1,1
95,2,0
95,3,1
95,4,0
95,5,0
96,1,1
96,2,1
96,3,1
96,4,0
96,5,0
97,1,1
97,2,0
97,3,1
97,4,1
97,5,0
98,1,0
98,2,1
98,3,1
98,4,1
98,5,1
99,1,1
99,2,1
99,3,1
99,4,1
99,5,1
100,1,0
100,2,1
100,3,0
100,4,1
100,5,1
101,1,1
101,2,1
101,3,1
101,4,1
101,5,1
102,1,1
102,2,1
102,3,1
102,4,1
102,5,1
103,1,1
103,2,1
103,3,0
103,4,1
103,5,1
104,1,1
104,2,0
104,3,1
104,4,1
104,5,1
105,1,1
105,2,1
105,3,1
105,4,1
105,5,1
106,1,0
106,2,1
106,3,0
106,4,1
106,5,1
107,1,1
107,2,0
107,3,1
107,4,1
107,5,0
108,1,1
108,2,0
108,3,1
108,4,1
108,5,0
109,1,0
109,2,0
109,3,0
109,4,0
109,5,1
110,1,0
110,2,1
110,3,1
110,4,1
110,5,1
111,1,0
111,2,1
111,3,1
111,4,1
111,5,1
112,1,1
112,2,0
112,3,1
112,4,1
112,5,1
113,1,1
113,2,1
113,3,1
113,4,1
113,5,1
114,1,0
114,2,1
114,3,0
114,4,0
114,5,1
115,1,0
115,2,1
115,3,1
115,4,1
115,5,0
116,1,0
116,2,1
116,3,1
116,4,1
116,5,1
117,1,0
117,2,1
117,3,1
117,4,0
117,5,1
118,1,0
118,2,0
118,3,1
118,4,1
118,5,0
119,1,1
119,2,1
119,3,0
119,4,1
119,5,0
120,1,0
120,2,1
120,3,1
120,4,1
120,5,1
